"area_fips","own_code","industry_code","agglvl_code","size_code","year","qtr","disclosure_code","annual_avg_estabs","annual_avg_emplvl","total_annual_wages","taxable_annual_wages","annual_contributions","annual_avg_wkly_wage","avg_annual_pay","lq_disclosure_code","lq_annual_avg_estabs","lq_annual_avg_emplvl","lq_total_annual_wages","lq_taxable_annual_wages","lq_annual_contributions","lq_annual_avg_wkly_wage","lq_avg_annual_pay","oty_disclosure_code","oty_annual_avg_estabs_chg","oty_annual_avg_estabs_pct_chg","oty_annual_avg_emplvl_chg","oty_annual_avg_emplvl_pct_chg","oty_total_annual_wages_chg","oty_total_annual_wages_pct_chg","oty_taxable_annual_wages_chg","oty_taxable_annual_wages_pct_chg","oty_annual_contributions_chg","oty_annual_contributions_pct_chg","oty_annual_avg_wkly_wage_chg","oty_annual_avg_wkly_wage_pct_chg","oty_avg_annual_pay_chg","oty_avg_annual_pay_pct_chg"
"01000","5","11411","57","0","2013","A","",19,45,1571415,494842,16717,667,34664,"",0.72,0.54,0.29,0.27,0.19,0.54,0.54,"",1,5.6,-9,-16.7,44338,2.9,-136539,-21.6,-3022,-15.3,123,22.6,6385,22.6
"01003","5","11411","77","0","2013","A","N",1,0,0,0,0,0,0,"N",0.84,0,0,0,0,0,0,"N",0,0.0,0,0,0,0,0,0,0,0,0,0,0,0
"01065","5","11411","77","0","2013","A","N",3,0,0,0,0,0,0,"N",49.08,0,0,0,0,0,0,"N",0,0.0,0,0,0,0,0,0,0,0,0,0,0,0
"01097","5","11411","77","0","2013","A","",15,26,1168127,275879,7562,870,45218,"",6.98,3.52,2.43,1.62,0.86,0.70,0.70,"N",2,15.4,0,0,0,0,0,0,0,0,0,0,0,0
"02000","5","11411","57","0","2013","A","N",108,0,0,0,0,0,0,"N",21.78,0,0,0,0,0,0,"N",7,6.9,0,0,0,0,0,0,0,0,0,0,0,0
"02013","5","11411","77","0","2013","A","",5,3,352777,351636,15577,1986,103252,"",208.37,33.00,72.02,44.04,28.32,1.92,1.92,"N",0,0.0,0,0,0,0,0,0,0,0,0,0,0,0
"02016","5","11411","77","0","2013","A","",5,23,3786093,1179671,51606,3154,164018,"",138.04,134.79,313.59,69.78,46.43,2.32,2.32,"",1,25.0,11,91.7,1085961,40.2,378399,47.2,19092,58.7,-1143,-26.6,-59441,-26.6
"02020","5","11411","77","0","2013","A","N",11,0,0,0,0,0,0,"N",5.82,0,0,0,0,0,0,"N",1,10.0,0,0,0,0,0,0,0,0,0,0,0,0
"02060","5","11411","77","0","2013","A","N",1,0,0,0,0,0,0,"N",48.02,0,0,0,0,0,0,"N",0,0.0,0,0,0,0,0,0,0,0,0,0,0,0
"02100","5","11411","77","0","2013","A","N",1,0,0,0,0,0,0,"N",30.68,0,0,0,0,0,0,"N",0,0.0,0,0,0,0,0,0,0,0,0,0,0,0
"02110","5","11411","77","0","2013","A","N",1,0,0,0,0,0,0,"N",4.05,0,0,0,0,0,0,"N",0,0.0,0,0,0,0,0,0,0,0,0,0,0,0
"02122","5","11411","77","0","2013","A","",20,37,2261710,2050623,90738,1181,61404,"",45.45,40.44,34.80,35.68,27.06,0.86,0.86,"",0,0.0,3,8.8,615261,37.4,529728,34.8,28266,45.2,261,28.4,13565,28.4
"02130","5","11411","77","0","2013","A","N",2,0,0,0,0,0,0,"N",14.32,0,0,0,0,0,0,"N",2,100.0,0,0,0,0,0,0,0,0,0,0,0,0
"02150","5","11411","77","0","2013","A","N",30,0,0,0,0,0,0,"N",275.51,0,0,0,0,0,0,"N",1,3.4,0,0,0,0,0,0,0,0,0,0,0,0
"02164","5","11411","77","0","2013","A","N",1,0,0,0,0,0,0,"N",34.78,0,0,0,0,0,0,"N",0,0.0,0,0,0,0,0,0,0,0,0,0,0,0
"02195","5","11411","77","0","2013","A","",7,16,1059938,863220,37385,1261,65563,"",182.97,251.29,278.75,205.75,138.68,1.10,1.10,"",-1,-12.5,-6,-27.3,-376476,-26.2,-203766,-19.1,-5729,-13.3,29,2.4,1485,2.3
"02220","5","11411","77","0","2013","A","N",4,0,0,0,0,0,0,"N",45.08,0,0,0,0,0,0,"N",0,0.0,0,0,0,0,0,0,0,0,0,0,0,0
"02261","5","11411","77","0","2013","A","",15,16,692065,641362,28317,850,44174,"",118.54,74.84,42.33,43.60,32.14,0.58,0.58,"",3,25.0,7,77.8,237287,52.2,205736,47.2,10506,59.0,-104,-10.9,-5438,-11.0
"02275","5","11411","77","0","2013","A","N",1,0,0,0,0,0,0,"N",46.50,0,0,0,0,0,0,"N",0,0.0,0,0,0,0,0,0,0,0,0,0,0,0
"02282","5","11411","77","0","2013","A","N",1,0,0,0,0,0,0,"N",93.99,0,0,0,0,0,0,"N",0,0.0,0,0,0,0,0,0,0,0,0,0,0,0
"02999","5","11411","77","0","2013","A","N",3,0,0,0,0,0,0,"N",20.20,0,0,0,0,0,0,"N",1,50.0,0,0,0,0,0,0,0,0,0,0,0,0
"04000","5","11411","57","0","2013","A","N",2,0,0,0,0,0,0,"N",0.06,0,0,0,0,0,0,"N",1,100.0,0,0,0,0,0,0,0,0,0,0,0,0
"04019","5","11411","77","0","2013","A","N",1,0,0,0,0,0,0,"N",0.24,0,0,0,0,0,0,"N",0,0.0,0,0,0,0,0,0,0,0,0,0,0,0
"04999","5","11411","77","0","2013","A","N",1,0,0,0,0,0,0,"N",0.58,0,0,0,0,0,0,"N",1,100.0,0,0,0,0,0,0,0,0,0,0,0,0
"05000","5","11411","57","0","2013","A","N",1,0,0,0,0,0,0,"N",0.05,0,0,0,0,0,0,"N",-1,-50.0,0,0,0,0,0,0,0,0,0,0,0,0
"05085","5","11411","77","0","2013","A","N",1,0,0,0,0,0,0,"N",3.29,0,0,0,0,0,0,"N",0,0.0,0,0,0,0,0,0,0,0,0,0,0,0
"06000","5","11411","57","0","2013","A","",180,420,37017633,6945034,407648,1695,88137,"",0.60,0.61,0.61,0.47,0.32,1.02,1.01,"",-4,-2.2,7,1.7,-2354759,-6.0,659431,10.5,37300,10.1,-140,-7.6,-7292,-7.6
"06001","5","11411","77","0","2013","A","N",3,0,0,0,0,0,0,"N",0.24,0,0,0,0,0,0,"N",0,0.0,0,0,0,0,0,0,0,0,0,0,0,0
"06015","5","11411","77","0","2013","A","",39,81,8246939,1351911,83013,1968,102341,"",224.03,227.75,436.69,284.85,191.82,1.93,1.93,"",0,0.0,4,5.2,156604,1.9,142464,11.8,8027,10.7,-53,-2.6,-2728,-2.6
"06023","5","11411","77","0","2013","A","N",41,0,0,0,0,0,0,"N",38.35,0,0,0,0,0,0,"N",0,0.0,0,0,0,0,0,0,0,0,0,0,0,0
"06029","5","11411","77","0","2013","A","N",1,0,0,0,0,0,0,"N",0.26,0,0,0,0,0,0,"N",1,100.0,0,0,0,0,0,0,0,0,0,0,0,0
"06037","5","11411","77","0","2013","A","N",8,0,0,0,0,0,0,"N",0.08,0,0,0,0,0,0,"N",-4,-33.3,0,0,0,0,0,0,0,0,0,0,0,0
"06041","5","11411","77","0","2013","A","N",2,0,0,0,0,0,0,"N",0.76,0,0,0,0,0,0,"N",0,0.0,0,0,0,0,0,0,0,0,0,0,0,0
"06045","5","11411","77","0","2013","A","N",18,0,0,0,0,0,0,"N",20.00,0,0,0,0,0,0,"N",1,5.9,0,0,0,0,0,0,0,0,0,0,0,0
"06051","5","11411","77","0","2013","A","N",1,0,0,0,0,0,0,"N",7.35,0,0,0,0,0,0,"N",1,100.0,0,0,0,0,0,0,0,0,0,0,0,0
"06053","5","11411","77","0","2013","A","",12,37,6321419,643698,39909,3264,169703,"",4.25,4.70,12.63,3.63,2.47,2.67,2.67,"",-1,-7.7,-9,-19.6,1359987,27.4,-102861,-13.8,-6377,-13.8,1175,56.2,61059,56.2
"06059","5","11411","77","0","2013","A","N",3,0,0,0,0,0,0,"N",0.13,0,0,0,0,0,0,"N",0,0.0,0,0,0,0,0,0,0,0,0,0,0,0
"06061","5","11411","77","0","2013","A","N",1,0,0,0,0,0,0,"N",0.41,0,0,0,0,0,0,"N",1,100.0,0,0,0,0,0,0,0,0,0,0,0,0
"06067","5","11411","77","0","2013","A","N",1,0,0,0,0,0,0,"N",0.09,0,0,0,0,0,0,"N",0,0.0,0,0,0,0,0,0,0,0,0,0,0,0
"06073","5","11411","77","0","2013","A","N",22,0,0,0,0,0,0,"N",1.00,0,0,0,0,0,0,"N",1,4.8,0,0,0,0,0,0,0,0,0,0,0,0
"06075","5","11411","77","0","2013","A","N",1,0,0,0,0,0,0,"N",0.08,0,0,0,0,0,0,"N",0,0.0,0,0,0,0,0,0,0,0,0,0,0,0
"06079","5","11411","77","0","2013","A","N",4,0,0,0,0,0,0,"N",1.87,0,0,0,0,0,0,"N",0,0.0,0,0,0,0,0,0,0,0,0,0,0,0
"06081","5","11411","77","0","2013","A","N",4,0,0,0,0,0,0,"N",0.72,0,0,0,0,0,0,"N",-2,-33.3,0,0,0,0,0,0,0,0,0,0,0,0
"06083","5","11411","77","0","2013","A","N",1,0,0,0,0,0,0,"N",0.31,0,0,0,0,0,0,"N",0,0.0,0,0,0,0,0,0,0,0,0,0,0,0
"06085","5","11411","77","0","2013","A","N",1,0,0,0,0,0,0,"N",0.07,0,0,0,0,0,0,"N",0,0.0,0,0,0,0,0,0,0,0,0,0,0,0
"06087","5","11411","77","0","2013","A","N",3,0,0,0,0,0,0,"N",1.49,0,0,0,0,0,0,"N",0,0.0,0,0,0,0,0,0,0,0,0,0,0,0
"06097","5","11411","77","0","2013","A","",8,6,541925,148518,8832,1867,97061,"",1.93,0.72,0.94,0.85,0.59,1.41,1.41,"",0,0.0,-3,-33.3,-105460,-16.3,8665,6.2,1061,13.7,417,28.8,21638,28.7
"06111","5","11411","77","0","2013","A","",5,10,602510,173883,6621,1178,61272,"",0.92,0.72,0.56,0.56,0.25,0.80,0.80,"",0,0.0,1,11.1,-25394,-4.0,62769,56.5,2749,71.0,-164,-12.2,-8495,-12.2
"06999","5","11411","77","0","2013","A","N",3,0,0,0,0,0,0,"N",0.31,0,0,0,0,0,0,"N",1,50.0,0,0,0,0,0,0,0,0,0,0,0,0
"08000","5","11411","57","0","2013","A","N",1,0,0,0,0,0,0,"N",0.03,0,0,0,0,0,0,"N",-1,-50.0,0,0,0,0,0,0,0,0,0,0,0,0
"08113","5","11411","77","0","2013","A","N",1,0,0,0,0,0,0,"N",6.87,0,0,0,0,0,0,"N",0,0.0,0,0,0,0,0,0,0,0,0,0,0,0
"09000","5","11411","57","0","2013","A","N",11,0,0,0,0,0,0,"N",0.43,0,0,0,0,0,0,"N",0,0.0,0,0,0,0,0,0,0,0,0,0,0,0
"09001","5","11411","77","0","2013","A","N",4,0,0,0,0,0,0,"N",0.53,0,0,0,0,0,0,"N",0,0.0,0,0,0,0,0,0,0,0,0,0,0,0
"09009","5","11411","77","0","2013","A","N",3,0,0,0,0,0,0,"N",0.58,0,0,0,0,0,0,"N",0,0.0,0,0,0,0,0,0,0,0,0,0,0,0
"09011","5","11411","77","0","2013","A","N",3,0,0,0,0,0,0,"N",1.89,0,0,0,0,0,0,"N",0,0.0,0,0,0,0,0,0,0,0,0,0,0,0
"09013","5","11411","77","0","2013","A","N",1,0,0,0,0,0,0,"N",1.47,0,0,0,0,0,0,"N",0,0.0,0,0,0,0,0,0,0,0,0,0,0,0
"10000","5","11411","57","0","2013","A","N",3,0,0,0,0,0,0,"N",0.47,0,0,0,0,0,0,"N",0,0.0,0,0,0,0,0,0,0,0,0,0,0,0
"10001","5","11411","77","0","2013","A","N",1,0,0,0,0,0,0,"N",1.28,0,0,0,0,0,0,"N",0,0.0,0,0,0,0,0,0,0,0,0,0,0,0
"10005","5","11411","77","0","2013","A","N",2,0,0,0,0,0,0,"N",1.53,0,0,0,0,0,0,"N",0,0.0,0,0,0,0,0,0,0,0,0,0,0,0
"12000","5","11411","57","0","2013","A","",157,361,12899835,4119031,93449,688,35775,"",1.11,1.06,0.57,0.51,0.20,0.54,0.54,"",-4,-2.5,-22,-5.7,-48562,-0.4,9960,0.2,-901,-1.0,37,5.7,1938,5.7
"12001","5","11411","77","0","2013","A","N",1,0,0,0,0,0,0,"N",0.67,0,0,0,0,0,0,"N",0,0.0,0,0,0,0,0,0,0,0,0,0,0,0
"12005","5","11411","77","0","2013","A","",3,5,228793,49200,638,866,45008,"",2.47,1.55,1.30,0.66,0.15,0.83,0.83,"N",0,0.0,0,0,0,0,0,0,0,0,0,0,0,0
"12009","5","11411","77","0","2013","A","N",3,0,0,0,0,0,0,"N",0.90,0,0,0,0,0,0,"N",0,0.0,0,0,0,0,0,0,0,0,0,0,0,0
"12011","5","11411","77","0","2013","A","",8,11,333781,112000,3163,602,31292,"",0.54,0.34,0.15,0.14,0.07,0.45,0.45,"N",0,0.0,0,0,0,0,0,0,0,0,0,0,0,0
"12015","5","11411","77","0","2013","A","N",1,0,0,0,0,0,0,"N",1.02,0,0,0,0,0,0,"N",0,0.0,0,0,0,0,0,0,0,0,0,0,0,0
"12017","5","11411","77","0","2013","A","N",2,0,0,0,0,0,0,"N",2.87,0,0,0,0,0,0,"N",0,0.0,0,0,0,0,0,0,0,0,0,0,0,0
"12021","5","11411","77","0","2013","A","N",2,0,0,0,0,0,0,"N",0.72,0,0,0,0,0,0,"N",0,0.0,0,0,0,0,0,0,0,0,0,0,0,0
"12029","5","11411","77","0","2013","A","N",1,0,0,0,0,0,0,"N",18.10,0,0,0,0,0,0,"N",0,0.0,0,0,0,0,0,0,0,0,0,0,0,0
"12031","5","11411","77","0","2013","A","N",10,0,0,0,0,0,0,"N",1.60,0,0,0,0,0,0,"N",1,11.1,0,0,0,0,0,0,0,0,0,0,0,0
"12033","5","11411","77","0","2013","A","N",1,0,0,0,0,0,0,"N",0.55,0,0,0,0,0,0,"N",-1,-50.0,0,0,0,0,0,0,0,0,0,0,0,0
"12037","5","11411","77","0","2013","A","N",2,0,0,0,0,0,0,"N",24.41,0,0,0,0,0,0,"N",0,0.0,0,0,0,0,0,0,0,0,0,0,0,0
"12045","5","11411","77","0","2013","A","N",2,0,0,0,0,0,0,"N",23.31,0,0,0,0,0,0,"N",0,0.0,0,0,0,0,0,0,0,0,0,0,0,0
"12053","5","11411","77","0","2013","A","N",0,0,0,0,0,0,0,"N",0.00,0,0,0,0,0,0,"N",-1,-100.0,0,0,0,0,0,0,0,0,0,0,0,0
"12057","5","11411","77","0","2013","A","N",8,0,0,0,0,0,0,"N",0.90,0,0,0,0,0,0,"N",-1,-11.1,0,0,0,0,0,0,0,0,0,0,0,0
"12061","5","11411","77","0","2013","A","N",2,0,0,0,0,0,0,"N",1.87,0,0,0,0,0,0,"N",0,0.0,0,0,0,0,0,0,0,0,0,0,0,0
"12071","5","11411","77","0","2013","A","",23,53,2412113,845887,14133,878,45655,"",5.22,5.52,4.25,3.73,1.10,0.77,0.77,"",1,4.5,5,10.4,605216,33.5,78383,10.2,-3498,-19.8,160,22.3,8335,22.3
"12073","5","11411","77","0","2013","A","N",1,0,0,0,0,0,0,"N",0.53,0,0,0,0,0,0,"N",0,0.0,0,0,0,0,0,0,0,0,0,0,0,0
"12075","5","11411","77","0","2013","A","N",1,0,0,0,0,0,0,"N",4.79,0,0,0,0,0,0,"N",0,0.0,0,0,0,0,0,0,0,0,0,0,0,0
"12081","5","11411","77","0","2013","A","N",4,0,0,0,0,0,0,"N",1.83,0,0,0,0,0,0,"N",-4,-50.0,0,0,0,0,0,0,0,0,0,0,0,0
"12085","5","11411","77","0","2013","A","",4,8,239249,90938,2013,613,31900,"",2.99,3.15,1.62,1.51,0.60,0.55,0.55,"N",2,100.0,0,0,0,0,0,0,0,0,0,0,0,0
"12086","5","11411","77","0","2013","A","",5,7,726862,114978,2627,1950,101423,"",0.24,0.15,0.22,0.10,0.04,1.40,1.41,"",-1,-16.7,-8,-53.3,19065,2.7,-18538,-13.9,572,27.8,1032,112.4,53706,112.6
"12087","5","11411","77","0","2013","A","",22,108,3831364,1267815,25466,684,35585,"",22.43,64.04,40.62,29.89,12.17,0.64,0.64,"",2,10.0,-41,-27.5,-1029580,-21.2,-171256,-11.9,-1104,-4.2,58,9.3,3052,9.4
"12089","5","11411","77","0","2013","A","N",2,0,0,0,0,0,0,"N",4.51,0,0,0,0,0,0,"N",0,0.0,0,0,0,0,0,0,0,0,0,0,0,0
"12091","5","11411","77","0","2013","A","",7,7,292127,91152,932,766,39836,"",5.08,2.01,1.37,1.20,0.23,0.65,0.65,"",0,0.0,-1,-12.5,-123441,-29.7,1490,1.7,-1163,-55.5,-233,-23.3,-12110,-23.3
"12093","5","11411","77","0","2013","A","N",2,0,0,0,0,0,0,"N",8.88,0,0,0,0,0,0,"N",0,0.0,0,0,0,0,0,0,0,0,0,0,0,0
"12099","5","11411","77","0","2013","A","",6,5,84000,38000,622,329,17085,"",0.52,0.21,0.05,0.06,0.02,0.23,0.23,"N",-1,-14.3,0,0,0,0,0,0,0,0,0,0,0,0
"12101","5","11411","77","0","2013","A","N",5,0,0,0,0,0,0,"N",2.19,0,0,0,0,0,0,"N",0,0.0,0,0,0,0,0,0,0,0,0,0,0,0
"12103","5","11411","77","0","2013","A","",11,13,218381,101468,1166,321,16692,"",1.55,0.74,0.19,0.24,0.05,0.25,0.25,"",-1,-8.3,0,0.0,-77752,-26.3,-16898,-14.3,-728,-38.4,-129,-28.7,-6687,-28.6
"12105","5","11411","77","0","2013","A","N",1,0,0,0,0,0,0,"N",0.35,0,0,0,0,0,0,"N",0,0.0,0,0,0,0,0,0,0,0,0,0,0,0
"12111","5","11411","77","0","2013","A","N",1,0,0,0,0,0,0,"N",0.76,0,0,0,0,0,0,"N",-2,-66.7,0,0,0,0,0,0,0,0,0,0,0,0
"12113","5","11411","77","0","2013","A","N",1,0,0,0,0,0,0,"N",1.37,0,0,0,0,0,0,"N",1,100.0,0,0,0,0,0,0,0,0,0,0,0,0
"12115","5","11411","77","0","2013","A","N",2,0,0,0,0,0,0,"N",0.60,0,0,0,0,0,0,"N",0,0.0,0,0,0,0,0,0,0,0,0,0,0,0
"12117","5","11411","77","0","2013","A","N",1,0,0,0,0,0,0,"N",0.32,0,0,0,0,0,0,"N",0,0.0,0,0,0,0,0,0,0,0,0,0,0,0
"12127","5","11411","77","0","2013","A","N",7,0,0,0,0,0,0,"N",2.30,0,0,0,0,0,0,"N",0,0.0,0,0,0,0,0,0,0,0,0,0,0,0
"12129","5","11411","77","0","2013","A","N",0,0,0,0,0,0,0,"N",0.00,0,0,0,0,0,0,"N",0,0,0,0,0,0,0,0,0,0,0,0,0,0
"12131","5","11411","77","0","2013","A","N",2,0,0,0,0,0,0,"N",4.01,0,0,0,0,0,0,"N",1,100.0,0,0,0,0,0,0,0,0,0,0,0,0
"12999","5","11411","77","0","2013","A","",5,6,360069,82000,1643,1108,57611,"",0.67,0.68,0.36,0.26,0.09,0.50,0.50,"",0,0.0,0,0.0,54886,18.0,10300,14.4,-293,-15.1,57,5.4,2951,5.4
"13000","5","11411","57","0","2013","A","",10,13,271648,138039,740,404,21031,"",0.16,0.07,0.02,0.03,0.00,0.30,0.30,"",1,11.1,-1,-7.1,24848,10.1,3957,3.0,-473,-39.0,69,20.6,3610,20.7
"13025","5","11411","77","0","2013","A","N",1,0,0,0,0,0,0,"N",19.63,0,0,0,0,0,0,"N",1,100.0,0,0,0,0,0,0,0,0,0,0,0,0
"13029","5","11411","77","0","2013","A","N",1,0,0,0,0,0,0,"N",6.67,0,0,0,0,0,0,"N",0,0.0,0,0,0,0,0,0,0,0,0,0,0,0
"13039","5","11411","77","0","2013","A","N",1,0,0,0,0,0,0,"N",4.69,0,0,0,0,0,0,"N",0,0.0,0,0,0,0,0,0,0,0,0,0,0,0
"13051","5","11411","77","0","2013","A","",3,5,153821,54331,646,623,32383,"",1.67,0.82,0.40,0.34,0.10,0.51,0.51,"",0,0.0,1,25.0,57300,59.4,14800,37.4,-188,-22.5,93,17.5,4806,17.4
"13191","5","11411","77","0","2013","A","N",4,0,0,0,0,0,0,"N",81.80,0,0,0,0,0,0,"N",0,0.0,0,0,0,0,0,0,0,0,0,0,0,0
"15000","5","11411","57","0","2013","A","",60,118,5842660,4505034,211001,952,49514,"",6.95,4.23,3.14,2.62,2.26,0.74,0.74,"",0,0.0,2,1.7,398521,7.3,86795,2.0,39476,23.0,49,5.4,2548,5.4
"15003","5","11411","77","0","2013","A","",60,118,5842660,4505034,211001,952,49514,"",10.80,5.79,4.13,3.65,3.21,0.71,0.71,"N",1,1.7,0,0,0,0,0,0,0,0,0,0,0,0
"16000","5","11411","57","0","2013","A","",9,14,222025,222025,6181,303,15765,"",0.75,0.49,0.14,0.14,0.10,0.28,0.28,"",-1,-10.0,2,16.7,-126067,-36.2,-51867,-18.9,-3252,-34.5,-243,-44.5,-12651,-44.5
"16001","5","11411","77","0","2013","A","N",2,0,0,0,0,0,0,"N",0.65,0,0,0,0,0,0,"N",0,0.0,0,0,0,0,0,0,0,0,0,0,0,0
"16027","5","11411","77","0","2013","A","N",1,0,0,0,0,0,0,"N",1.08,0,0,0,0,0,0,"N",0,0.0,0,0,0,0,0,0,0,0,0,0,0,0
"16047","5","11411","77","0","2013","A","N",1,0,0,0,0,0,0,"N",8.20,0,0,0,0,0,0,"N",0,0.0,0,0,0,0,0,0,0,0,0,0,0,0
"16049","5","11411","77","0","2013","A","N",2,0,0,0,0,0,0,"N",14.80,0,0,0,0,0,0,"N",1,100.0,0,0,0,0,0,0,0,0,0,0,0,0
"16055","5","11411","77","0","2013","A","N",0,0,0,0,0,0,0,"N",0.00,0,0,0,0,0,0,"N",0,0.0,0,0,0,0,0,0,0,0,0,0,0,0
"16069","5","11411","77","0","2013","A","N",1,0,0,0,0,0,0,"N",3.63,0,0,0,0,0,0,"N",0,0.0,0,0,0,0,0,0,0,0,0,0,0,0
"16071","5","11411","77","0","2013","A","N",1,0,0,0,0,0,0,"N",32.24,0,0,0,0,0,0,"N",0,0.0,0,0,0,0,0,0,0,0,0,0,0,0
"16999","5","11411","77","0","2013","A","N",1,0,0,0,0,0,0,"N",1.41,0,0,0,0,0,0,"N",-1,-50.0,0,0,0,0,0,0,0,0,0,0,0,0
"17000","5","11411","57","0","2013","A","N",2,0,0,0,0,0,0,"N",0.02,0,0,0,0,0,0,"N",0,0.0,0,0,0,0,0,0,0,0,0,0,0,0
"17097","5","11411","77","0","2013","A","N",1,0,0,0,0,0,0,"N",0.20,0,0,0,0,0,0,"N",0,0.0,0,0,0,0,0,0,0,0,0,0,0,0
"17999","5","11411","77","0","2013","A","N",1,0,0,0,0,0,0,"N",0.10,0,0,0,0,0,0,"N",0,0.0,0,0,0,0,0,0,0,0,0,0,0,0
"21000","5","11411","57","0","2013","A","N",2,0,0,0,0,0,0,"N",0.07,0,0,0,0,0,0,"N",1,100.0,0,0,0,0,0,0,0,0,0,0,0,0
"21007","5","11411","77","0","2013","A","N",1,0,0,0,0,0,0,"N",23.62,0,0,0,0,0,0,"N",1,100.0,0,0,0,0,0,0,0,0,0,0,0,0
"21157","5","11411","77","0","2013","A","N",1,0,0,0,0,0,0,"N",5.66,0,0,0,0,0,0,"N",0,0.0,0,0,0,0,0,0,0,0,0,0,0,0
"22000","5","11411","57","0","2013","A","",62,162,5056622,1788915,30480,600,31182,"",2.16,1.90,0.88,0.91,0.50,0.47,0.47,"",1,1.6,27,20.0,440896,9.6,353171,24.6,15812,107.8,-60,-9.1,-3114,-9.1
"22023","5","11411","77","0","2013","A","N",1,0,0,0,0,0,0,"N",22.77,0,0,0,0,0,0,"N",0,0.0,0,0,0,0,0,0,0,0,0,0,0,0
"22033","5","11411","77","0","2013","A","N",3,0,0,0,0,0,0,"N",0.91,0,0,0,0,0,0,"N",2,200.0,0,0,0,0,0,0,0,0,0,0,0,0
"22035","5","11411","77","0","2013","A","N",1,0,0,0,0,0,0,"N",21.65,0,0,0,0,0,0,"N",0,0.0,0,0,0,0,0,0,0,0,0,0,0,0
"22051","5","11411","77","0","2013","A","N",12,0,0,0,0,0,0,"N",3.92,0,0,0,0,0,0,"N",-2,-14.3,0,0,0,0,0,0,0,0,0,0,0,0
"22055","5","11411","77","0","2013","A","N",0,0,0,0,0,0,0,"N",0.00,0,0,0,0,0,0,"N",0,0,0,0,0,0,0,0,0,0,0,0,0,0
"22057","5","11411","77","0","2013","A","N",3,0,0,0,0,0,0,"N",6.26,0,0,0,0,0,0,"N",-1,-25.0,0,0,0,0,0,0,0,0,0,0,0,0
"22071","5","11411","77","0","2013","A","N",3,0,0,0,0,0,0,"N",1.19,0,0,0,0,0,0,"N",0,0.0,0,0,0,0,0,0,0,0,0,0,0,0
"22075","5","11411","77","0","2013","A","N",10,0,0,0,0,0,0,"N",53.48,0,0,0,0,0,0,"N",1,11.1,0,0,0,0,0,0,0,0,0,0,0,0
"22087","5","11411","77","0","2013","A","N",2,0,0,0,0,0,0,"N",10.72,0,0,0,0,0,0,"N",-1,-33.3,0,0,0,0,0,0,0,0,0,0,0,0
"22089","5","11411","77","0","2013","A","N",2,0,0,0,0,0,0,"N",7.53,0,0,0,0,0,0,"N",0,0.0,0,0,0,0,0,0,0,0,0,0,0,0
"22099","5","11411","77","0","2013","A","N",1,0,0,0,0,0,0,"N",4.20,0,0,0,0,0,0,"N",1,100.0,0,0,0,0,0,0,0,0,0,0,0,0
"22103","5","11411","77","0","2013","A","",5,13,467044,147379,3868,691,35926,"",2.95,3.57,1.98,1.76,1.64,0.56,0.56,"N",1,25.0,0,0,0,0,0,0,0,0,0,0,0,0
"22109","5","11411","77","0","2013","A","",16,87,2446852,928615,11257,542,28206,"",21.46,33.78,12.18,13.90,6.05,0.36,0.36,"",-1,-5.9,12,16.0,-233918,-8.7,130479,16.3,3575,46.5,-144,-21.0,-7458,-20.9
"22113","5","11411","77","0","2013","A","N",3,0,0,0,0,0,0,"N",10.55,0,0,0,0,0,0,"N",0,0.0,0,0,0,0,0,0,0,0,0,0,0,0
"23000","5","11411","57","0","2013","A","",298,480,26436362,7750981,356299,1059,55066,"",26.75,18.15,16.73,10.44,9.22,0.92,0.92,"",1,0.3,-11,-2.2,-3927354,-12.9,34397,0.4,3960,1.1,-131,-11.0,-6806,-11.0
"23005","5","11411","77","0","2013","A","",50,53,1463372,861933,26797,531,27611,"",17.30,6.84,2.78,3.64,2.32,0.41,0.41,"",-2,-3.8,-7,-11.7,-62482,-4.1,-55291,-6.0,-2453,-8.4,39,7.9,2038,8.0
"23009","5","11411","77","0","2013","A","",56,51,2543033,928241,24297,965,50191,"",99.71,51.97,49.02,34.12,14.16,0.95,0.95,"",2,3.7,1,2.0,243119,10.6,74243,8.7,2170,9.8,79,8.9,4116,8.9
"23011","5","11411","77","0","2013","A","N",1,0,0,0,0,0,0,"N",1.17,0,0,0,0,0,0,"N",1,100.0,0,0,0,0,0,0,0,0,0,0,0,0
"23013","5","11411","77","0","2013","A","",96,308,20333729,4812891,272181,1271,66090,"",221.45,403.00,515.06,219.49,218.11,1.28,1.28,"",4,4.3,1,0.3,-4219634,-17.2,92333,2.0,7706,2.9,-267,-17.4,-13888,-17.4
"23015","5","11411","77","0","2013","A","",68,49,1275720,768831,18776,499,25947,"",195.18,98.03,53.78,54.67,26.06,0.55,0.55,"",-3,-4.2,3,6.5,241594,23.4,83515,12.2,2031,12.1,64,14.7,3343,14.8
"23023","5","11411","77","0","2013","A","N",1,0,0,0,0,0,0,"N",4.15,0,0,0,0,0,0,"N",-1,-50.0,0,0,0,0,0,0,0,0,0,0,0,0
"23027","5","11411","77","0","2013","A","N",2,0,0,0,0,0,0,"N",7.85,0,0,0,0,0,0,"N",0,0.0,0,0,0,0,0,0,0,0,0,0,0,0
"23029","5","11411","77","0","2013","A","",19,14,601995,256954,10267,837,43518,"",80.24,30.96,27.07,21.24,13.17,0.88,0.88,"",0,0.0,1,7.7,48222,8.7,-49836,-16.2,-2579,-20.1,43,5.4,2243,5.4
"23031","5","11411","77","0","2013","A","N",5,0,0,0,0,0,0,"N",3.49,0,0,0,0,0,0,"N",0,0.0,0,0,0,0,0,0,0,0,0,0,0,0
"23999","5","11411","77","0","2013","A","N",1,0,0,0,0,0,0,"N",1.51,0,0,0,0,0,0,"N",0,0.0,0,0,0,0,0,0,0,0,0,0,0,0
"24000","5","11411","57","0","2013","A","N",14,0,0,0,0,0,0,"N",0.37,0,0,0,0,0,0,"N",-2,-12.5,0,0,0,0,0,0,0,0,0,0,0,0
"24005","5","11411","77","0","2013","A","N",1,0,0,0,0,0,0,"N",0.21,0,0,0,0,0,0,"N",-1,-50.0,0,0,0,0,0,0,0,0,0,0,0,0
"24019","5","11411","77","0","2013","A","N",4,0,0,0,0,0,0,"N",22.57,0,0,0,0,0,0,"N",0,0.0,0,0,0,0,0,0,0,0,0,0,0,0
"24037","5","11411","77","0","2013","A","N",1,0,0,0,0,0,0,"N",2.10,0,0,0,0,0,0,"N",-1,-50.0,0,0,0,0,0,0,0,0,0,0,0,0
"24041","5","11411","77","0","2013","A","N",1,0,0,0,0,0,0,"N",2.75,0,0,0,0,0,0,"N",0,0.0,0,0,0,0,0,0,0,0,0,0,0,0
"24045","5","11411","77","0","2013","A","N",2,0,0,0,0,0,0,"N",3.35,0,0,0,0,0,0,"N",0,0.0,0,0,0,0,0,0,0,0,0,0,0,0
"24047","5","11411","77","0","2013","A","",5,5,217261,57750,705,822,42740,"",10.19,4.66,4.43,2.16,0.28,0.94,0.94,"",1,25.0,0,0.0,5130,2.4,-2271,-3.8,-616,-46.6,-37,-4.3,-1919,-4.3
"24510","5","11411","77","0","2013","A","N",1,0,0,0,0,0,0,"N",0.31,0,0,0,0,0,0,"N",0,0.0,0,0,0,0,0,0,0,0,0,0,0,0
"25000","5","11411","57","0","2013","A","N",353,0,0,0,0,0,0,"N",6.89,0,0,0,0,0,0,"N",-15,-4.1,0,0,0,0,0,0,0,0,0,0,0,0
"25001","5","11411","77","0","2013","A","",34,49,2885487,1076558,86887,1131,58788,"",16.63,11.78,10.98,6.76,7.35,0.93,0.93,"",-1,-2.9,-17,-25.8,-557925,-16.2,-189397,-15.0,-13213,-13.2,134,13.4,6942,13.4
"25005","5","11411","77","0","2013","A","",200,934,118438224,25665971,2795862,2439,126841,"",53.83,96.97,180.96,67.73,108.49,1.87,1.87,"",-9,-4.3,-217,-18.9,-21827916,-15.6,-5392919,-17.4,-485408,-14.8,95,4.1,4976,4.1
"25007","5","11411","77","0","2013","A","N",2,0,0,0,0,0,0,"N",7.46,0,0,0,0,0,0,"N",0,0.0,0,0,0,0,0,0,0,0,0,0,0,0
"25009","5","11411","77","0","2013","A","",95,155,8867916,3425127,371396,1098,57120,"",18.95,11.11,8.00,6.57,10.26,0.72,0.72,"",2,2.2,-32,-17.1,-1908882,-17.7,-715615,-17.3,-85303,-18.7,-13,-1.2,-639,-1.1
"25019","5","11411","77","0","2013","A","N",2,0,0,0,0,0,0,"N",8.90,0,0,0,0,0,0,"N",1,100.0,0,0,0,0,0,0,0,0,0,0,0,0
"25021","5","11411","77","0","2013","A","N",1,0,0,0,0,0,0,"N",0.19,0,0,0,0,0,0,"N",-4,-80.0,0,0,0,0,0,0,0,0,0,0,0,0
"25023","5","11411","77","0","2013","A","N",10,0,0,0,0,0,0,"N",3.09,0,0,0,0,0,0,"N",-1,-9.1,0,0,0,0,0,0,0,0,0,0,0,0
"25025","5","11411","77","0","2013","A","",5,10,694925,244253,22607,1394,72514,"",0.90,0.37,0.20,0.22,0.34,0.58,0.58,"",0,0.0,-4,-28.6,-508003,-42.2,-123056,-33.5,-10277,-31.3,-309,-18.1,-16045,-18.1
"25999","5","11411","77","0","2013","A","N",6,0,0,0,0,0,0,"N",1.87,0,0,0,0,0,0,"N",-1,-14.3,0,0,0,0,0,0,0,0,0,0,0,0
"26000","5","11411","57","0","2013","A","",28,90,3002225,1520421,134792,639,33204,"",0.52,0.50,0.23,0.33,0.33,0.46,0.46,"",3,12.0,13,16.9,569743,23.4,460288,43.4,43112,47.0,31,5.1,1613,5.1
"26031","5","11411","77","0","2013","A","N",2,0,0,0,0,0,0,"N",10.48,0,0,0,0,0,0,"N",0,0.0,0,0,0,0,0,0,0,0,0,0,0,0
"26033","5","11411","77","0","2013","A","N",8,0,0,0,0,0,0,"N",41.67,0,0,0,0,0,0,"N",1,14.3,0,0,0,0,0,0,0,0,0,0,0,0
"26041","5","11411","77","0","2013","A","N",1,0,0,0,0,0,0,"N",4.04,0,0,0,0,0,0,"N",0,0.0,0,0,0,0,0,0,0,0,0,0,0,0
"26063","5","11411","77","0","2013","A","N",1,0,0,0,0,0,0,"N",4.36,0,0,0,0,0,0,"N",0,0.0,0,0,0,0,0,0,0,0,0,0,0,0
"26097","5","11411","77","0","2013","A","",8,31,852712,495825,42628,526,27360,"",70.54,155.82,93.72,85.59,52.62,0.60,0.60,"",1,14.3,8,34.8,158774,22.9,67425,15.7,6815,19.0,-67,-11.3,-3482,-11.3
"26101","5","11411","77","0","2013","A","N",1,0,0,0,0,0,0,"N",7.83,0,0,0,0,0,0,"N",1,100.0,0,0,0,0,0,0,0,0,0,0,0,0
"26103","5","11411","77","0","2013","A","N",1,0,0,0,0,0,0,"N",2.66,0,0,0,0,0,0,"N",0,0.0,0,0,0,0,0,0,0,0,0,0,0,0
"26105","5","11411","77","0","2013","A","N",1,0,0,0,0,0,0,"N",5.99,0,0,0,0,0,0,"N",0,0.0,0,0,0,0,0,0,0,0,0,0,0,0
"26109","5","11411","77","0","2013","A","N",1,0,0,0,0,0,0,"N",8.85,0,0,0,0,0,0,"N",0,0.0,0,0,0,0,0,0,0,0,0,0,0,0
"26141","5","11411","77","0","2013","A","N",2,0,0,0,0,0,0,"N",23.13,0,0,0,0,0,0,"N",0,0.0,0,0,0,0,0,0,0,0,0,0,0,0
"26153","5","11411","77","0","2013","A","N",1,0,0,0,0,0,0,"N",18.25,0,0,0,0,0,0,"N",0,0.0,0,0,0,0,0,0,0,0,0,0,0,0
"26999","5","11411","77","0","2013","A","N",1,0,0,0,0,0,0,"N",0.19,0,0,0,0,0,0,"N",0,0.0,0,0,0,0,0,0,0,0,0,0,0,0
"27000","5","11411","57","0","2013","A","",6,17,276375,61091,4238,305,15868,"",0.16,0.14,0.03,0.01,0.02,0.21,0.21,"",-3,-33.3,8,88.9,203659,280.1,-11625,-16.0,1888,80.3,152,99.3,7935,100.0
"27005","5","11411","77","0","2013","A","N",1,0,0,0,0,0,0,"N",4.03,0,0,0,0,0,0,"N",0,0.0,0,0,0,0,0,0,0,0,0,0,0,0
"27007","5","11411","77","0","2013","A","N",1,0,0,0,0,0,0,"N",3.65,0,0,0,0,0,0,"N",1,100.0,0,0,0,0,0,0,0,0,0,0,0,0
"27091","5","11411","77","0","2013","A","N",1,0,0,0,0,0,0,"N",6.31,0,0,0,0,0,0,"N",0,0.0,0,0,0,0,0,0,0,0,0,0,0,0
"27103","5","11411","77","0","2013","A","N",1,0,0,0,0,0,0,"N",6.42,0,0,0,0,0,0,"N",-1,-50.0,0,0,0,0,0,0,0,0,0,0,0,0
"27137","5","11411","77","0","2013","A","N",1,0,0,0,0,0,0,"N",0.82,0,0,0,0,0,0,"N",0,0.0,0,0,0,0,0,0,0,0,0,0,0,0
"27999","5","11411","77","0","2013","A","N",1,0,0,0,0,0,0,"N",0.26,0,0,0,0,0,0,"N",0,0.0,0,0,0,0,0,0,0,0,0,0,0,0
"28000","5","11411","57","0","2013","A","",9,54,1426187,812526,29612,513,26658,"",0.57,1.10,0.52,0.49,0.69,0.48,0.48,"",0,0.0,5,10.2,146249,11.4,84412,11.6,456,1.6,6,1.2,313,1.2
"28053","5","11411","77","0","2013","A","N",2,0,0,0,0,0,0,"N",40.90,0,0,0,0,0,0,"N",0,0.0,0,0,0,0,0,0,0,0,0,0,0,0
"28059","5","11411","77","0","2013","A","N",2,0,0,0,0,0,0,"N",3.71,0,0,0,0,0,0,"N",0,0.0,0,0,0,0,0,0,0,0,0,0,0,0
"28083","5","11411","77","0","2013","A","N",2,0,0,0,0,0,0,"N",10.47,0,0,0,0,0,0,"N",0,0.0,0,0,0,0,0,0,0,0,0,0,0,0
"28103","5","11411","77","0","2013","A","N",3,0,0,0,0,0,0,"N",56.88,0,0,0,0,0,0,"N",0,0.0,0,0,0,0,0,0,0,0,0,0,0,0
"30000","5","11411","57","0","2013","A","N",1,0,0,0,0,0,0,"N",0.10,0,0,0,0,0,0,"N",-1,-50.0,0,0,0,0,0,0,0,0,0,0,0,0
"30031","5","11411","77","0","2013","A","N",1,0,0,0,0,0,0,"N",0.80,0,0,0,0,0,0,"N",0,0.0,0,0,0,0,0,0,0,0,0,0,0,0
"32000","5","11411","57","0","2013","A","N",21,0,0,0,0,0,0,"N",1.25,0,0,0,0,0,0,"N",7,50.0,0,0,0,0,0,0,0,0,0,0,0,0
"32023","5","11411","77","0","2013","A","N",1,0,0,0,0,0,0,"N",5.12,0,0,0,0,0,0,"N",1,100.0,0,0,0,0,0,0,0,0,0,0,0,0
"32031","5","11411","77","0","2013","A","N",1,0,0,0,0,0,0,"N",0.32,0,0,0,0,0,0,"N",1,100.0,0,0,0,0,0,0,0,0,0,0,0,0
"32510","5","11411","77","0","2013","A","N",1,0,0,0,0,0,0,"N",2.11,0,0,0,0,0,0,"N",1,100.0,0,0,0,0,0,0,0,0,0,0,0,0
"32999","5","11411","77","0","2013","A","N",18,0,0,0,0,0,0,"N",74.10,0,0,0,0,0,0,"N",4,28.6,0,0,0,0,0,0,0,0,0,0,0,0
"33000","5","11411","57","0","2013","A","N",2,0,0,0,0,0,0,"N",0.18,0,0,0,0,0,0,"N",0,0.0,0,0,0,0,0,0,0,0,0,0,0,0
"33015","5","11411","77","0","2013","A","N",1,0,0,0,0,0,0,"N",0.42,0,0,0,0,0,0,"N",0,0.0,0,0,0,0,0,0,0,0,0,0,0,0
"33017","5","11411","77","0","2013","A","N",1,0,0,0,0,0,0,"N",1.55,0,0,0,0,0,0,"N",0,0.0,0,0,0,0,0,0,0,0,0,0,0,0
"34000","5","11411","57","0","2013","A","",37,176,8015127,4658933,167779,876,45540,"",0.64,1.02,0.52,0.43,0.29,0.50,0.50,"",-6,-14.0,-9,-4.9,124563,1.6,46672,1.0,-1154,-0.7,54,6.6,2792,6.5
"34007","5","11411","77","0","2013","A","N",1,0,0,0,0,0,0,"N",0.38,0,0,0,0,0,0,"N",-1,-50.0,0,0,0,0,0,0,0,0,0,0,0,0
"34009","5","11411","77","0","2013","A","N",12,0,0,0,0,0,0,"N",13.80,0,0,0,0,0,0,"N",-1,-7.7,0,0,0,0,0,0,0,0,0,0,0,0
"34011","5","11411","77","0","2013","A","N",5,0,0,0,0,0,0,"N",7.22,0,0,0,0,0,0,"N",-1,-16.7,0,0,0,0,0,0,0,0,0,0,0,0
"34015","5","11411","77","0","2013","A","N",1,0,0,0,0,0,0,"N",0.74,0,0,0,0,0,0,"N",0,0.0,0,0,0,0,0,0,0,0,0,0,0,0
"34025","5","11411","77","0","2013","A","N",1,0,0,0,0,0,0,"N",0.23,0,0,0,0,0,0,"N",-2,-66.7,0,0,0,0,0,0,0,0,0,0,0,0
"34029","5","11411","77","0","2013","A","",16,46,1922460,979999,23327,801,41642,"",5.82,6.69,4.54,2.74,1.21,0.68,0.68,"",-1,-5.9,-3,-6.1,-18787,-1.0,5831,0.6,-1039,-4.3,33,4.3,1685,4.2
"34999","5","11411","77","0","2013","A","N",1,0,0,0,0,0,0,"N",0.21,0,0,0,0,0,0,"N",1,100.0,0,0,0,0,0,0,0,0,0,0,0,0
"35000","5","11411","57","0","2013","A","N",3,0,0,0,0,0,0,"N",0.24,0,0,0,0,0,0,"N",1,50.0,0,0,0,0,0,0,0,0,0,0,0,0
"35001","5","11411","77","0","2013","A","N",0,0,0,0,0,0,0,"N",0.00,0,0,0,0,0,0,"N",0,0,0,0,0,0,0,0,0,0,0,0,0,0
"35007","5","11411","77","0","2013","A","N",1,0,0,0,0,0,0,"N",8.12,0,0,0,0,0,0,"N",0,0.0,0,0,0,0,0,0,0,0,0,0,0,0
"35047","5","11411","77","0","2013","A","N",1,0,0,0,0,0,0,"N",7.58,0,0,0,0,0,0,"N",1,100.0,0,0,0,0,0,0,0,0,0,0,0,0
"35999","5","11411","77","0","2013","A","N",1,0,0,0,0,0,0,"N",1.02,0,0,0,0,0,0,"N",1,100.0,0,0,0,0,0,0,0,0,0,0,0,0
"36000","5","11411","57","0","2013","A","",41,52,1716742,556721,19486,640,33281,"",0.30,0.13,0.05,0.06,0.03,0.35,0.35,"",3,7.9,-1,-1.9,-66518,-3.7,32986,6.3,1945,11.1,-5,-0.8,-260,-0.8
"36005","5","11411","77","0","2013","A","N",1,0,0,0,0,0,0,"N",0.26,0,0,0,0,0,0,"N",0,0.0,0,0,0,0,0,0,0,0,0,0,0,0
"36047","5","11411","77","0","2013","A","N",1,0,0,0,0,0,0,"N",0.08,0,0,0,0,0,0,"N",0,0.0,0,0,0,0,0,0,0,0,0,0,0,0
"36059","5","11411","77","0","2013","A","",3,4,172450,48070,722,865,44987,"",0.25,0.15,0.08,0.08,0.02,0.54,0.54,"N",0,0.0,0,0,0,0,0,0,0,0,0,0,0,0
"36103","5","11411","77","0","2013","A","N",35,0,0,0,0,0,0,"N",3.02,0,0,0,0,0,0,"N",3,9.4,0,0,0,0,0,0,0,0,0,0,0,0
"36119","5","11411","77","0","2013","A","N",1,0,0,0,0,0,0,"N",0.12,0,0,0,0,0,0,"N",0,0.0,0,0,0,0,0,0,0,0,0,0,0,0
"37000","5","11411","57","0","2013","A","",14,19,591106,310792,5890,604,31386,"",0.24,0.11,0.05,0.04,0.02,0.47,0.47,"",-1,-6.7,-6,-24.0,-87966,-13.0,-34858,-10.1,70,1.2,76,14.4,3949,14.4
"37031","5","11411","77","0","2013","A","N",3,0,0,0,0,0,0,"N",6.29,0,0,0,0,0,0,"N",0,0.0,0,0,0,0,0,0,0,0,0,0,0,0
"37053","5","11411","77","0","2013","A","N",1,0,0,0,0,0,0,"N",6.73,0,0,0,0,0,0,"N",0,0.0,0,0,0,0,0,0,0,0,0,0,0,0
"37055","5","11411","77","0","2013","A","N",7,0,0,0,0,0,0,"N",15.86,0,0,0,0,0,0,"N",0,0.0,0,0,0,0,0,0,0,0,0,0,0,0
"37133","5","11411","77","0","2013","A","N",1,0,0,0,0,0,0,"N",1.53,0,0,0,0,0,0,"N",0,0.0,0,0,0,0,0,0,0,0,0,0,0,0
"37137","5","11411","77","0","2013","A","N",1,0,0,0,0,0,0,"N",13.80,0,0,0,0,0,0,"N",0,0.0,0,0,0,0,0,0,0,0,0,0,0,0
"37177","5","11411","77","0","2013","A","N",1,0,0,0,0,0,0,"N",42.07,0,0,0,0,0,0,"N",0,0.0,0,0,0,0,0,0,0,0,0,0,0,0
"38000","5","11411","57","0","2013","A","N",1,0,0,0,0,0,0,"N",0.14,0,0,0,0,0,0,"N",0,0.0,0,0,0,0,0,0,0,0,0,0,0,0
"38051","5","11411","77","0","2013","A","N",1,0,0,0,0,0,0,"N",30.89,0,0,0,0,0,0,"N",0,0.0,0,0,0,0,0,0,0,0,0,0,0,0
"39000","5","11411","57","0","2013","A","",5,18,465368,221188,16332,507,26342,"",0.08,0.08,0.03,0.04,0.06,0.39,0.39,"",0,0.0,0,0.0,55097,13.4,-32850,-12.9,-4443,-21.4,71,16.3,3654,16.1
"39043","5","11411","77","0","2013","A","N",1,0,0,0,0,0,0,"N",2.21,0,0,0,0,0,0,"N",0,0.0,0,0,0,0,0,0,0,0,0,0,0,0
"39093","5","11411","77","0","2013","A","N",1,0,0,0,0,0,0,"N",0.73,0,0,0,0,0,0,"N",0,0.0,0,0,0,0,0,0,0,0,0,0,0,0
"39095","5","11411","77","0","2013","A","N",3,0,0,0,0,0,0,"N",1.32,0,0,0,0,0,0,"N",0,0.0,0,0,0,0,0,0,0,0,0,0,0,0
"41000","5","11411","57","0","2013","A","",138,307,19568024,10983741,437340,1224,63653,"",4.65,4.06,3.78,2.37,1.83,0.93,0.93,"",-2,-1.4,13,4.4,1043568,5.6,504624,4.8,23012,5.6,14,1.2,716,1.1
"41003","5","11411","77","0","2013","A","N",1,0,0,0,0,0,0,"N",1.87,0,0,0,0,0,0,"N",0,0.0,0,0,0,0,0,0,0,0,0,0,0,0
"41005","5","11411","77","0","2013","A","N",6,0,0,0,0,0,0,"N",2.11,0,0,0,0,0,0,"N",0,0.0,0,0,0,0,0,0,0,0,0,0,0,0
"41007","5","11411","77","0","2013","A","",19,51,3955555,1694151,76494,1489,77433,"",53.84,67.01,101.42,41.55,37.19,1.51,1.51,"",-3,-13.6,-4,-7.3,-310690,-7.3,-311301,-15.5,-7948,-9.4,-10,-0.7,-489,-0.6
"41011","5","11411","77","0","2013","A","",24,58,3553106,2144494,89559,1175,61085,"",57.78,59.60,72.02,42.55,32.83,1.21,1.20,"",2,9.1,4,7.4,632908,21.7,184369,9.4,11717,15.1,135,13.0,7007,13.0
"41013","5","11411","77","0","2013","A","N",1,0,0,0,0,0,0,"N",7.42,0,0,0,0,0,0,"N",0,0.0,0,0,0,0,0,0,0,0,0,0,0,0
"41015","5","11411","77","0","2013","A","",16,39,2638331,1600086,70652,1293,67219,"",91.20,140.27,195.83,100.61,84.05,1.39,1.39,"",0,0.0,6,18.2,433413,19.7,136200,9.3,3321,4.9,8,0.6,403,0.6
"41017","5","11411","77","0","2013","A","N",1,0,0,0,0,0,0,"N",0.67,0,0,0,0,0,0,"N",0,0.0,0,0,0,0,0,0,0,0,0,0,0,0
"41019","5","11411","77","0","2013","A","N",3,0,0,0,0,0,0,"N",4.67,0,0,0,0,0,0,"N",0,0.0,0,0,0,0,0,0,0,0,0,0,0,0
"41029","5","11411","77","0","2013","A","N",1,0,0,0,0,0,0,"N",0.68,0,0,0,0,0,0,"N",1,100.0,0,0,0,0,0,0,0,0,0,0,0,0
"41033","5","11411","77","0","2013","A","N",1,0,0,0,0,0,0,"N",2.01,0,0,0,0,0,0,"N",0,0.0,0,0,0,0,0,0,0,0,0,0,0,0
"41039","5","11411","77","0","2013","A","N",3,0,0,0,0,0,0,"N",1.23,0,0,0,0,0,0,"N",0,0.0,0,0,0,0,0,0,0,0,0,0,0,0
"41041","5","11411","77","0","2013","A","",53,106,5781174,3430767,117241,1053,54755,"",132.05,135.78,150.17,95.79,64.13,1.11,1.11,"",-1,-1.9,0,0.0,273044,5.0,249483,7.8,4478,4.0,54,5.4,2832,5.5
"41051","5","11411","77","0","2013","A","N",2,0,0,0,0,0,0,"N",0.30,0,0,0,0,0,0,"N",0,0.0,0,0,0,0,0,0,0,0,0,0,0,0
"41057","5","11411","77","0","2013","A","N",4,0,0,0,0,0,0,"N",19.35,0,0,0,0,0,0,"N",-1,-20.0,0,0,0,0,0,0,0,0,0,0,0,0
"41071","5","11411","77","0","2013","A","N",1,0,0,0,0,0,0,"N",1.57,0,0,0,0,0,0,"N",0,0.0,0,0,0,0,0,0,0,0,0,0,0,0
"41999","5","11411","77","0","2013","A","",3,6,341100,257521,7311,1125,58474,"",2.57,6.44,3.83,2.90,1.59,0.61,0.61,"N",1,50.0,0,0,0,0,0,0,0,0,0,0,0,0
"42000","5","11411","57","0","2013","A","N",2,0,0,0,0,0,0,"N",0.03,0,0,0,0,0,0,"N",-1,-33.3,0,0,0,0,0,0,0,0,0,0,0,0
"42049","5","11411","77","0","2013","A","N",0,0,0,0,0,0,0,"N",0.00,0,0,0,0,0,0,"N",0,0,0,0,0,0,0,0,0,0,0,0,0,0
"42085","5","11411","77","0","2013","A","N",1,0,0,0,0,0,0,"N",1.51,0,0,0,0,0,0,"N",1,100.0,0,0,0,0,0,0,0,0,0,0,0,0
"42113","5","11411","77","0","2013","A","N",1,0,0,0,0,0,0,"N",22.42,0,0,0,0,0,0,"N",0,0.0,0,0,0,0,0,0,0,0,0,0,0,0
"44000","5","11411","57","0","2013","A","",28,68,4459919,1873052,131387,1257,65347,"",3.49,3.31,2.99,2.13,2.33,0.90,0.90,"",0,0.0,-12,-15.0,-1486726,-25.0,-188448,-9.1,-40780,-23.7,-165,-11.6,-8601,-11.6
"44001","5","11411","77","0","2013","A","N",3,0,0,0,0,0,0,"N",9.47,0,0,0,0,0,0,"N",0,0.0,0,0,0,0,0,0,0,0,0,0,0,0
"44003","5","11411","77","0","2013","A","N",1,0,0,0,0,0,0,"N",0.84,0,0,0,0,0,0,"N",0,0.0,0,0,0,0,0,0,0,0,0,0,0,0
"44005","5","11411","77","0","2013","A","",12,17,614126,417545,31055,681,35430,"",16.53,9.85,5.08,6.12,6.58,0.51,0.51,"",0,0.0,-6,-26.1,-149259,-19.6,-98123,-19.0,-10182,-24.7,52,8.3,2713,8.3
"44009","5","11411","77","0","2013","A","",12,50,3815231,1424945,98809,1480,76946,"",12.39,22.17,26.67,14.84,16.25,1.21,1.21,"",0,0.0,-5,-9.1,-1330399,-25.9,-83257,-5.5,-29795,-23.2,-306,-17.1,-15907,-17.1
"45000","5","11411","57","0","2013","A","",4,6,124893,65809,3221,430,22369,"",0.15,0.07,0.02,0.03,0.03,0.37,0.37,"",0,0.0,-1,-14.3,-45545,-26.7,-34429,-34.3,-1125,-25.9,-12,-2.7,-611,-2.7
"45013","5","11411","77","0","2013","A","N",1,0,0,0,0,0,0,"N",0.92,0,0,0,0,0,0,"N",0,0.0,0,0,0,0,0,0,0,0,0,0,0,0
"45019","5","11411","77","0","2013","A","N",1,0,0,0,0,0,0,"N",0.36,0,0,0,0,0,0,"N",0,0.0,0,0,0,0,0,0,0,0,0,0,0,0
"45051","5","11411","77","0","2013","A","N",1,0,0,0,0,0,0,"N",0.56,0,0,0,0,0,0,"N",1,100.0,0,0,0,0,0,0,0,0,0,0,0,0
"45073","5","11411","77","0","2013","A","N",1,0,0,0,0,0,0,"N",3.02,0,0,0,0,0,0,"N",0,0.0,0,0,0,0,0,0,0,0,0,0,0,0
"48000","5","11411","57","0","2013","A","",65,121,3670940,1551262,32658,581,30234,"",0.47,0.24,0.09,0.12,0.05,0.39,0.39,"",6,10.2,16,15.2,-2057547,-35.9,200962,14.9,10128,45.0,-470,-44.7,-24410,-44.7
"48007","5","11411","77","0","2013","A","N",1,0,0,0,0,0,0,"N",7.14,0,0,0,0,0,0,"N",-1,-50.0,0,0,0,0,0,0,0,0,0,0,0,0
"48057","5","11411","77","0","2013","A","N",1,0,0,0,0,0,0,"N",8.18,0,0,0,0,0,0,"N",0,0.0,0,0,0,0,0,0,0,0,0,0,0,0
"48061","5","11411","77","0","2013","A","N",34,0,0,0,0,0,0,"N",23.57,0,0,0,0,0,0,"N",2,6.2,0,0,0,0,0,0,0,0,0,0,0,0
"48071","5","11411","77","0","2013","A","",4,29,791262,370411,13472,520,27052,"",28.59,48.93,15.58,20.21,12.64,0.32,0.32,"",0,0.0,0,0.0,-50280,-6.0,4106,1.1,9677,255.0,-41,-7.3,-2134,-7.3
"48157","5","11411","77","0","2013","A","N",1,0,0,0,0,0,0,"N",0.42,0,0,0,0,0,0,"N",1,100.0,0,0,0,0,0,0,0,0,0,0,0,0
"48167","5","11411","77","0","2013","A","N",4,0,0,0,0,0,0,"N",3.15,0,0,0,0,0,0,"N",1,33.3,0,0,0,0,0,0,0,0,0,0,0,0
"48201","5","11411","77","0","2013","A","N",2,0,0,0,0,0,0,"N",0.08,0,0,0,0,0,0,"N",0,0.0,0,0,0,0,0,0,0,0,0,0,0,0
"48239","5","11411","77","0","2013","A","N",2,0,0,0,0,0,0,"N",22.42,0,0,0,0,0,0,"N",1,100.0,0,0,0,0,0,0,0,0,0,0,0,0
"48245","5","11411","77","0","2013","A","N",1,0,0,0,0,0,0,"N",0.76,0,0,0,0,0,0,"N",1,100.0,0,0,0,0,0,0,0,0,0,0,0,0
"48291","5","11411","77","0","2013","A","N",0,0,0,0,0,0,0,"N",0.00,0,0,0,0,0,0,"N",-1,-100.0,0,0,0,0,0,0,0,0,0,0,0,0
"48321","5","11411","77","0","2013","A","N",12,0,0,0,0,0,0,"N",64.02,0,0,0,0,0,0,"N",1,9.1,0,0,0,0,0,0,0,0,0,0,0,0
"48355","5","11411","77","0","2013","A","N",1,0,0,0,0,0,0,"N",0.55,0,0,0,0,0,0,"N",0,0.0,0,0,0,0,0,0,0,0,0,0,0,0
"48409","5","11411","77","0","2013","A","N",1,0,0,0,0,0,0,"N",3.95,0,0,0,0,0,0,"N",1,100.0,0,0,0,0,0,0,0,0,0,0,0,0
"48999","5","11411","77","0","2013","A","N",1,0,0,0,0,0,0,"N",0.19,0,0,0,0,0,0,"N",1,100.0,0,0,0,0,0,0,0,0,0,0,0,0
"49000","5","11411","57","0","2013","A","N",5,0,0,0,0,0,0,"N",0.25,0,0,0,0,0,0,"N",0,0.0,0,0,0,0,0,0,0,0,0,0,0,0
"49035","5","11411","77","0","2013","A","N",1,0,0,0,0,0,0,"N",0.11,0,0,0,0,0,0,"N",-1,-50.0,0,0,0,0,0,0,0,0,0,0,0,0
"49049","5","11411","77","0","2013","A","N",2,0,0,0,0,0,0,"N",0.66,0,0,0,0,0,0,"N",1,100.0,0,0,0,0,0,0,0,0,0,0,0,0
"49057","5","11411","77","0","2013","A","N",2,0,0,0,0,0,0,"N",1.60,0,0,0,0,0,0,"N",1,100.0,0,0,0,0,0,0,0,0,0,0,0,0
"51000","5","11411","57","0","2013","A","",43,108,3258168,1110927,33921,579,30099,"",0.80,0.66,0.25,0.30,0.19,0.38,0.38,"",2,4.9,-4,-3.6,-467681,-12.6,-72928,-6.2,-6507,-16.1,-61,-9.5,-3192,-9.6
"51001","5","11411","77","0","2013","A","N",2,0,0,0,0,0,0,"N",9.32,0,0,0,0,0,0,"N",0,0.0,0,0,0,0,0,0,0,0,0,0,0,0
"51041","5","11411","77","0","2013","A","N",1,0,0,0,0,0,0,"N",0.56,0,0,0,0,0,0,"N",0,0.0,0,0,0,0,0,0,0,0,0,0,0,0
"51073","5","11411","77","0","2013","A","N",3,0,0,0,0,0,0,"N",13.95,0,0,0,0,0,0,"N",1,50.0,0,0,0,0,0,0,0,0,0,0,0,0
"51103","5","11411","77","0","2013","A","N",3,0,0,0,0,0,0,"N",27.55,0,0,0,0,0,0,"N",0,0.0,0,0,0,0,0,0,0,0,0,0,0,0
"51115","5","11411","77","0","2013","A","N",1,0,0,0,0,0,0,"N",21.34,0,0,0,0,0,0,"N",0,0.0,0,0,0,0,0,0,0,0,0,0,0,0
"51131","5","11411","77","0","2013","A","N",3,0,0,0,0,0,0,"N",27.84,0,0,0,0,0,0,"N",0,0.0,0,0,0,0,0,0,0,0,0,0,0,0
"51133","5","11411","77","0","2013","A","",6,18,559747,180823,11475,590,30671,"",73.42,164.07,101.33,62.08,82.39,0.61,0.61,"",0,0.0,-4,-18.2,-132773,-19.2,-75426,-29.4,-5358,-31.8,-6,-1.0,-337,-1.1
"51193","5","11411","77","0","2013","A","N",1,0,0,0,0,0,0,"N",11.87,0,0,0,0,0,0,"N",0,0.0,0,0,0,0,0,0,0,0,0,0,0,0
"51199","5","11411","77","0","2013","A","",4,15,574283,139168,946,716,37251,"",11.62,15.76,11.62,6.96,1.06,0.72,0.72,"",0,0.0,-2,-11.8,-10132,-1.7,-9745,-6.5,-291,-23.5,71,11.0,3696,11.0
"51510","5","11411","77","0","2013","A","N",1,0,0,0,0,0,0,"N",0.71,0,0,0,0,0,0,"N",0,0.0,0,0,0,0,0,0,0,0,0,0,0,0
"51550","5","11411","77","0","2013","A","N",2,0,0,0,0,0,0,"N",1.56,0,0,0,0,0,0,"N",1,100.0,0,0,0,0,0,0,0,0,0,0,0,0
"51650","5","11411","77","0","2013","A","",3,3,66600,27000,182,480,24975,"",4.98,1.21,0.41,0.62,0.08,0.38,0.38,"",0,0.0,0,0.0,-10000,-13.1,-5000,-15.6,-85,-31.8,-40,-7.7,-2060,-7.6
"51700","5","11411","77","0","2013","A","",7,20,493396,182542,1819,482,25088,"",8.42,4.56,1.55,2.03,0.46,0.35,0.35,"",1,16.7,7,53.8,173086,54.0,70264,62.6,743,69.1,23,5.0,1214,5.1
"51735","5","11411","77","0","2013","A","N",1,0,0,0,0,0,0,"N",20.17,0,0,0,0,0,0,"N",0,0.0,0,0,0,0,0,0,0,0,0,0,0,0
"51800","5","11411","77","0","2013","A","N",1,0,0,0,0,0,0,"N",2.71,0,0,0,0,0,0,"N",-1,-50.0,0,0,0,0,0,0,0,0,0,0,0,0
"51810","5","11411","77","0","2013","A","",4,10,224466,106180,964,428,22261,"",1.58,1.31,0.50,0.64,0.13,0.38,0.38,"",0,0.0,0,0.0,38432,20.7,5261,5.2,-233,-19.5,67,18.6,3501,18.7
"53000","5","11411","57","0","2013","A","",334,1585,145685135,86997978,4043786,1767,91896,"",5.97,11.87,13.53,9.26,14.00,1.14,1.14,"",-8,-2.3,-142,-8.2,-28070227,-16.2,-4086646,-4.5,-191416,-4.5,-168,-8.7,-8725,-8.7
"53005","5","11411","77","0","2013","A","N",1,0,0,0,0,0,0,"N",0.73,0,0,0,0,0,0,"N",0,0.0,0,0,0,0,0,0,0,0,0,0,0,0
"53009","5","11411","77","0","2013","A","",4,6,313100,185300,7720,1032,53674,"",6.95,6.06,5.88,3.69,4.30,1.00,1.00,"N",0,0.0,0,0,0,0,0,0,0,0,0,0,0,0
"53015","5","11411","77","0","2013","A","N",1,0,0,0,0,0,0,"N",1.31,0,0,0,0,0,0,"N",0,0.0,0,0,0,0,0,0,0,0,0,0,0,0
"53027","5","11411","77","0","2013","A","",56,107,5805831,4831002,227959,1042,54176,"",85.66,109.38,108.77,83.67,98.84,0.99,0.99,"",-1,-1.8,-19,-15.1,-1053260,-15.4,-524325,-9.8,-26746,-10.5,-3,-0.3,-189,-0.3
"53029","5","11411","77","0","2013","A","N",3,0,0,0,0,0,0,"N",6.57,0,0,0,0,0,0,"N",0,0.0,0,0,0,0,0,0,0,0,0,0,0,0
"53031","5","11411","77","0","2013","A","N",5,0,0,0,0,0,0,"N",19.86,0,0,0,0,0,0,"N",1,25.0,0,0,0,0,0,0,0,0,0,0,0,0
"53033","5","11411","77","0","2013","A","N",112,0,0,0,0,0,0,"N",5.72,0,0,0,0,0,0,"N",2,1.8,0,0,0,0,0,0,0,0,0,0,0,0
"53035","5","11411","77","0","2013","A","",6,13,1361874,356646,13649,2054,106814,"",3.81,3.59,5.54,2.15,2.71,1.58,1.58,"",0,0.0,-15,-53.6,-166389,-10.9,-197674,-35.7,3149,30.0,995,94.0,51741,93.9
"53041","5","11411","77","0","2013","A","N",1,0,0,0,0,0,0,"N",1.61,0,0,0,0,0,0,"N",0,0.0,0,0,0,0,0,0,0,0,0,0,0,0
"53045","5","11411","77","0","2013","A","N",5,0,0,0,0,0,0,"N",15.08,0,0,0,0,0,0,"N",0,0.0,0,0,0,0,0,0,0,0,0,0,0,0
"53049","5","11411","77","0","2013","A","",48,233,9785565,7840246,205743,809,42088,"",214.18,852.80,719.39,573.85,371.09,0.85,0.85,"",-1,-2.0,-3,-1.3,1385596,16.5,908755,13.1,38531,23.0,125,18.3,6545,18.4
"53053","5","11411","77","0","2013","A","",23,35,3976133,2285163,116081,2174,113065,"",4.43,2.88,4.82,3.13,4.60,1.67,1.67,"",-2,-8.0,-32,-47.8,-3095376,-43.8,-1887057,-45.2,-65947,-36.2,132,6.5,6860,6.5
"53055","5","11411","77","0","2013","A","",4,5,397238,256117,13171,1554,80794,"",18.62,20.73,34.04,17.63,30.93,1.67,1.67,"",0,0.0,-2,-28.6,-253234,-38.9,-63017,-19.7,-3541,-21.2,-346,-18.2,-18012,-18.2
"53057","5","11411","77","0","2013","A","",9,29,4676359,1759726,80927,3128,162656,"",9.53,13.60,36.01,12.96,16.17,2.67,2.67,"",-1,-10.0,0,0.0,-181297,-3.7,279533,18.9,5496,7.3,-131,-4.0,-6797,-4.0
"53061","5","11411","77","0","2013","A","",27,77,8749366,5432874,286891,2185,113628,"",5.82,6.48,9.06,6.03,11.38,1.40,1.40,"",1,3.8,-1,-1.3,-1615029,-15.6,-494371,-8.3,-28475,-9.0,-376,-14.7,-19533,-14.7
"53063","5","11411","77","0","2013","A","N",2,0,0,0,0,0,0,"N",0.53,0,0,0,0,0,0,"N",1,100.0,0,0,0,0,0,0,0,0,0,0,0,0
"53065","5","11411","77","0","2013","A","N",1,0,0,0,0,0,0,"N",3.35,0,0,0,0,0,0,"N",0,0.0,0,0,0,0,0,0,0,0,0,0,0,0
"53067","5","11411","77","0","2013","A","",8,22,1331231,930985,39152,1186,61679,"",4.44,4.88,4.39,4.35,6.23,0.92,0.92,"",-1,-11.1,1,4.8,120556,10.0,154087,19.8,7455,23.5,95,8.7,4929,8.7
"53069","5","11411","77","0","2013","A","N",1,0,0,0,0,0,0,"N",32.72,0,0,0,0,0,0,"N",0,0.0,0,0,0,0,0,0,0,0,0,0,0,0
"53073","5","11411","77","0","2013","A","",21,129,6461768,5065419,140607,965,50188,"",12.80,34.75,27.69,21.76,18.15,0.80,0.80,"",-5,-19.2,1,0.8,675364,11.7,525202,11.6,12607,9.8,97,11.2,5070,11.2
"55000","5","11411","57","0","2013","A","",10,41,883612,529810,24393,414,21508,"",0.27,0.33,0.11,0.13,0.09,0.33,0.33,"",-1,-9.1,-12,-22.6,-180655,-17.0,-111584,-17.4,-7383,-23.2,30,7.8,1522,7.6
"55007","5","11411","77","0","2013","A","N",2,0,0,0,0,0,0,"N",17.81,0,0,0,0,0,0,"N",0,0.0,0,0,0,0,0,0,0,0,0,0,0,0
"55029","5","11411","77","0","2013","A","N",2,0,0,0,0,0,0,"N",7.04,0,0,0,0,0,0,"N",0,0.0,0,0,0,0,0,0,0,0,0,0,0,0
"55031","5","11411","77","0","2013","A","N",1,0,0,0,0,0,0,"N",4.18,0,0,0,0,0,0,"N",0,0.0,0,0,0,0,0,0,0,0,0,0,0,0
"55061","5","11411","77","0","2013","A","N",1,0,0,0,0,0,0,"N",8.41,0,0,0,0,0,0,"N",0,0.0,0,0,0,0,0,0,0,0,0,0,0,0
"55071","5","11411","77","0","2013","A","N",1,0,0,0,0,0,0,"N",2.43,0,0,0,0,0,0,"N",-1,-50.0,0,0,0,0,0,0,0,0,0,0,0,0
"55091","5","11411","77","0","2013","A","N",1,0,0,0,0,0,0,"N",17.32,0,0,0,0,0,0,"N",0,0.0,0,0,0,0,0,0,0,0,0,0,0,0
"55117","5","11411","77","0","2013","A","N",2,0,0,0,0,0,0,"N",3.19,0,0,0,0,0,0,"N",0,0.0,0,0,0,0,0,0,0,0,0,0,0,0
"C1074","5","11411","47","0","2013","A","N",0,0,0,0,0,0,0,"N",0.00,0,0,0,0,0,0,"N",0,0,0,0,0,0,0,0,0,0,0,0,0,0
"C1126","5","11411","47","0","2013","A","N",11,0,0,0,0,0,0,"N",4.72,0,0,0,0,0,0,"N",1,10.0,0,0,0,0,0,0,0,0,0,0,0,0
"C1254","5","11411","47","0","2013","A","N",1,0,0,0,0,0,0,"N",0.26,0,0,0,0,0,0,"N",1,100.0,0,0,0,0,0,0,0,0,0,0,0,0
"C1258","5","11411","47","0","2013","A","N",2,0,0,0,0,0,0,"N",0.12,0,0,0,0,0,0,"N",-1,-33.3,0,0,0,0,0,0,0,0,0,0,0,0
"C1270","5","11411","47","0","2013","A","",34,49,2885487,1076558,86887,1131,58788,"",16.63,11.78,10.98,6.76,7.35,0.93,0.93,"",-1,-2.9,-17,-25.8,-557925,-16.2,-189397,-15.0,-13213,-13.2,134,13.4,6942,13.4
"C1294","5","11411","47","0","2013","A","N",3,0,0,0,0,0,0,"N",0.61,0,0,0,0,0,0,"N",2,200.0,0,0,0,0,0,0,0,0,0,0,0,0
"C1314","5","11411","47","0","2013","A","N",1,0,0,0,0,0,0,"N",0.54,0,0,0,0,0,0,"N",1,100.0,0,0,0,0,0,0,0,0,0,0,0,0
"C1338","5","11411","47","0","2013","A","",21,129,6461768,5065419,140607,965,50188,"",12.80,34.75,27.69,21.76,18.15,0.80,0.80,"",-5,-19.2,1,0.8,675364,11.7,525202,11.6,12607,9.8,97,11.2,5070,11.2
"C1346","5","11411","47","0","2013","A","N",1,0,0,0,0,0,0,"N",0.67,0,0,0,0,0,0,"N",0,0.0,0,0,0,0,0,0,0,0,0,0,0,0
"C1426","5","11411","47","0","2013","A","N",3,0,0,0,0,0,0,"N",0.71,0,0,0,0,0,0,"N",0,0.0,0,0,0,0,0,0,0,0,0,0,0,0
"C1446","5","11411","47","0","2013","A","N",112,0,0,0,0,0,0,"N",3.34,0,0,0,0,0,0,"N",-4,-3.4,0,0,0,0,0,0,0,0,0,0,0,0
"C1474","5","11411","47","0","2013","A","",6,13,1361874,356646,13649,2054,106814,"",3.81,3.59,5.54,2.15,2.71,1.58,1.58,"",0,0.0,-15,-53.6,-166389,-10.9,-197674,-35.7,3149,30.0,995,94.0,51741,93.9
"C1486","5","11411","47","0","2013","A","N",4,0,0,0,0,0,0,"N",0.53,0,0,0,0,0,0,"N",0,0.0,0,0,0,0,0,0,0,0,0,0,0,0
"C1518","5","11411","47","0","2013","A","N",34,0,0,0,0,0,0,"N",23.57,0,0,0,0,0,0,"N",2,6.2,0,0,0,0,0,0,0,0,0,0,0,0
"C1526","5","11411","47","0","2013","A","",5,3,27000,20900,68,173,9000,"",6.88,1.70,0.27,0.50,0.04,0.16,0.16,"N",1,25.0,0,0,0,0,0,0,0,0,0,0,0,0
"C1568","5","11411","47","0","2013","A","N",1,0,0,0,0,0,0,"N",2.10,0,0,0,0,0,0,"N",1,100.0,0,0,0,0,0,0,0,0,0,0,0,0
"C1598","5","11411","47","0","2013","A","",23,53,2412113,845887,14133,878,45655,"",5.22,5.52,4.25,3.73,1.10,0.77,0.77,"",1,4.5,5,10.4,605216,33.5,78383,10.2,-3498,-19.8,160,22.3,8335,22.3
"C1618","5","11411","47","0","2013","A","N",1,0,0,0,0,0,0,"N",2.11,0,0,0,0,0,0,"N",1,100.0,0,0,0,0,0,0,0,0,0,0,0,0
"C1670","5","11411","47","0","2013","A","N",1,0,0,0,0,0,0,"N",0.26,0,0,0,0,0,0,"N",0,0.0,0,0,0,0,0,0,0,0,0,0,0,0
"C1698","5","11411","47","0","2013","A","N",1,0,0,0,0,0,0,"N",0.02,0,0,0,0,0,0,"N",0,0.0,0,0,0,0,0,0,0,0,0,0,0,0
"C1746","5","11411","47","0","2013","A","N",1,0,0,0,0,0,0,"N",0.08,0,0,0,0,0,0,"N",0,0.0,0,0,0,0,0,0,0,0,0,0,0,0
"C1766","5","11411","47","0","2013","A","N",0,0,0,0,0,0,0,"N",0.00,0,0,0,0,0,0,"N",0,0.0,0,0,0,0,0,0,0,0,0,0,0,0
"C1858","5","11411","47","0","2013","A","N",3,0,0,0,0,0,0,"N",1.35,0,0,0,0,0,0,"N",0,0.0,0,0,0,0,0,0,0,0,0,0,0,0
"C1870","5","11411","47","0","2013","A","N",1,0,0,0,0,0,0,"N",1.87,0,0,0,0,0,0,"N",0,0.0,0,0,0,0,0,0,0,0,0,0,0,0
"C1888","5","11411","47","0","2013","A","N",9,0,0,0,0,0,0,"N",4.79,0,0,0,0,0,0,"N",9,100.0,0,0,0,0,0,0,0,0,0,0,0,0
"C1930","5","11411","47","0","2013","A","N",1,0,0,0,0,0,0,"N",0.84,0,0,0,0,0,0,"N",1,100.0,0,0,0,0,0,0,0,0,0,0,0,0
"C1966","5","11411","47","0","2013","A","N",7,0,0,0,0,0,0,"N",1.99,0,0,0,0,0,0,"N",0,0.0,0,0,0,0,0,0,0,0,0,0,0,0
"C2010","5","11411","47","0","2013","A","N",1,0,0,0,0,0,0,"N",1.28,0,0,0,0,0,0,"N",0,0.0,0,0,0,0,0,0,0,0,0,0,0,0
"C2026","5","11411","47","0","2013","A","N",2,0,0,0,0,0,0,"N",1.23,0,0,0,0,0,0,"N",0,0.0,0,0,0,0,0,0,0,0,0,0,0,0
"C2150","5","11411","47","0","2013","A","N",0,0,0,0,0,0,0,"N",0.00,0,0,0,0,0,0,"N",0,0,0,0,0,0,0,0,0,0,0,0,0,0
"C2166","5","11411","47","0","2013","A","N",3,0,0,0,0,0,0,"N",1.23,0,0,0,0,0,0,"N",0,0.0,0,0,0,0,0,0,0,0,0,0,0,0
"C2354","5","11411","47","0","2013","A","N",1,0,0,0,0,0,0,"N",0.64,0,0,0,0,0,0,"N",0,0.0,0,0,0,0,0,0,0,0,0,0,0,0
"C2442","5","11411","47","0","2013","A","N",1,0,0,0,0,0,0,"N",2.01,0,0,0,0,0,0,"N",1,100.0,0,0,0,0,0,0,0,0,0,0,0,0
"C2458","5","11411","47","0","2013","A","N",1,0,0,0,0,0,0,"N",0.56,0,0,0,0,0,0,"N",0,0.0,0,0,0,0,0,0,0,0,0,0,0,0
"C2506","5","11411","47","0","2013","A","N",2,0,0,0,0,0,0,"N",1.15,0,0,0,0,0,0,"N",2,100.0,0,0,0,0,0,0,0,0,0,0,0,0
"C2554","5","11411","47","0","2013","A","N",1,0,0,0,0,0,0,"N",0.13,0,0,0,0,0,0,"N",0,0.0,0,0,0,0,0,0,0,0,0,0,0,0
"C2594","5","11411","47","0","2013","A","N",1,0,0,0,0,0,0,"N",0.82,0,0,0,0,0,0,"N",1,100.0,0,0,0,0,0,0,0,0,0,0,0,0
"C2614","5","11411","47","0","2013","A","N",2,0,0,0,0,0,0,"N",2.87,0,0,0,0,0,0,"N",2,100.0,0,0,0,0,0,0,0,0,0,0,0,0
"C2638","5","11411","47","0","2013","A","N",19,0,0,0,0,0,0,"N",15.52,0,0,0,0,0,0,"N",-2,-9.5,0,0,0,0,0,0,0,0,0,0,0,0
"C2642","5","11411","47","0","2013","A","",11,65,1906514,863568,24952,561,29181,"",0.35,0.53,0.16,0.25,0.14,0.31,0.31,"",1,10.0,0,0.0,-2613861,-57.8,-4597,-0.5,8331,50.1,-771,-57.9,-40097,-57.9
"C2726","5","11411","47","0","2013","A","",12,14,250857,163079,2563,357,18582,"",1.31,0.54,0.14,0.27,0.07,0.27,0.27,"",0,0.0,-3,-17.6,-145685,-36.7,-34865,-17.6,-977,-27.6,-105,-22.7,-5451,-22.7
"C2734","5","11411","47","0","2013","A","N",1,0,0,0,0,0,0,"N",1.53,0,0,0,0,0,0,"N",0,0.0,0,0,0,0,0,0,0,0,0,0,0,0
"C2842","5","11411","47","0","2013","A","N",1,0,0,0,0,0,0,"N",0.49,0,0,0,0,0,0,"N",0,0.0,0,0,0,0,0,0,0,0,0,0,0,0
"C2918","5","11411","47","0","2013","A","",4,9,388239,110510,4168,853,44370,"",1.20,0.93,0.57,0.46,0.58,0.63,0.63,"N",4,100.0,0,0,0,0,0,0,0,0,0,0,0,0
"C2934","5","11411","47","0","2013","A","N",1,0,0,0,0,0,0,"N",0.86,0,0,0,0,0,0,"N",0,0.0,0,0,0,0,0,0,0,0,0,0,0,0
"C2946","5","11411","47","0","2013","A","N",1,0,0,0,0,0,0,"N",0.35,0,0,0,0,0,0,"N",0,0.0,0,0,0,0,0,0,0,0,0,0,0,0
"C3030","5","11411","47","0","2013","A","N",1,0,0,0,0,0,0,"N",2.29,0,0,0,0,0,0,"N",0,0.0,0,0,0,0,0,0,0,0,0,0,0,0
"C3078","5","11411","47","0","2013","A","N",1,0,0,0,0,0,0,"N",0.21,0,0,0,0,0,0,"N",0,0.0,0,0,0,0,0,0,0,0,0,0,0,0
"C3102","5","11411","47","0","2013","A","N",1,0,0,0,0,0,0,"N",1.31,0,0,0,0,0,0,"N",0,0.0,0,0,0,0,0,0,0,0,0,0,0,0
"C3108","5","11411","47","0","2013","A","N",11,0,0,0,0,0,0,"N",0.09,0,0,0,0,0,0,"N",11,100.0,0,0,0,0,0,0,0,0,0,0,0,0
"C3186","5","11411","47","0","2013","A","N",1,0,0,0,0,0,0,"N",1.67,0,0,0,0,0,0,"N",1,100.0,0,0,0,0,0,0,0,0,0,0,0,0
"C3278","5","11411","47","0","2013","A","N",1,0,0,0,0,0,0,"N",0.68,0,0,0,0,0,0,"N",1,100.0,0,0,0,0,0,0,0,0,0,0,0,0
"C3310","5","11411","47","0","2013","A","",19,23,1144643,264978,6412,968,50314,"",0.40,0.23,0.16,0.11,0.04,0.70,0.70,"",-2,-9.5,-8,-25.8,-79312,-6.5,-71519,-21.3,-1885,-22.7,200,26.0,10402,26.1
"C3366","5","11411","47","0","2013","A","",15,26,1168127,275879,7562,870,45218,"",6.98,3.52,2.43,1.62,0.86,0.70,0.70,"N",2,15.4,0,0,0,0,0,0,0,0,0,0,0,0
"C3458","5","11411","47","0","2013","A","",9,29,4676359,1759726,80927,3128,162656,"",9.53,13.60,36.01,12.96,16.17,2.67,2.67,"",-1,-10.0,0,0.0,-181297,-3.7,279533,18.9,5496,7.3,-131,-4.0,-6797,-4.0
"C3482","5","11411","47","0","2013","A","N",1,0,0,0,0,0,0,"N",0.43,0,0,0,0,0,0,"N",1,100.0,0,0,0,0,0,0,0,0,0,0,0,0
"C3494","5","11411","47","0","2013","A","N",2,0,0,0,0,0,0,"N",0.72,0,0,0,0,0,0,"N",0,0.0,0,0,0,0,0,0,0,0,0,0,0,0
"C3510","5","11411","47","0","2013","A","N",1,0,0,0,0,0,0,"N",1.54,0,0,0,0,0,0,"N",1,100.0,0,0,0,0,0,0,0,0,0,0,0,0
"C3530","5","11411","47","0","2013","A","N",3,0,0,0,0,0,0,"N",0.58,0,0,0,0,0,0,"N",0,0.0,0,0,0,0,0,0,0,0,0,0,0,0
"C3538","5","11411","47","0","2013","A","N",34,0,0,0,0,0,0,"N",4.14,0,0,0,0,0,0,"N",0,0.0,0,0,0,0,0,0,0,0,0,0,0,0
"C3562","5","11411","47","0","2013","A","",57,99,3928581,1624920,43767,765,39783,"",0.42,0.26,0.10,0.12,0.05,0.38,0.38,"",-1,-1.7,-5,-4.8,-186806,-4.5,8516,0.5,109,0.2,2,0.3,85,0.2
"C3584","5","11411","47","0","2013","A","N",6,0,0,0,0,0,0,"N",1.09,0,0,0,0,0,0,"N",6,100.0,0,0,0,0,0,0,0,0,0,0,0,0
"C3598","5","11411","47","0","2013","A","N",3,0,0,0,0,0,0,"N",1.89,0,0,0,0,0,0,"N",0,0.0,0,0,0,0,0,0,0,0,0,0,0,0
"C3614","5","11411","47","0","2013","A","N",12,0,0,0,0,0,0,"N",13.80,0,0,0,0,0,0,"N",-1,-7.7,0,0,0,0,0,0,0,0,0,0,0,0
"C3626","5","11411","47","0","2013","A","N",2,0,0,0,0,0,0,"N",0.61,0,0,0,0,0,0,"N",0,0.0,0,0,0,0,0,0,0,0,0,0,0,0
"C3650","5","11411","47","0","2013","A","",8,22,1331231,930985,39152,1186,61679,"",4.44,4.88,4.39,4.35,6.23,0.92,0.92,"",-1,-11.1,1,4.8,120556,10.0,154087,19.8,7455,23.5,95,8.7,4929,8.7
"C3674","5","11411","47","0","2013","A","N",1,0,0,0,0,0,0,"N",0.07,0,0,0,0,0,0,"N",-1,-50.0,0,0,0,0,0,0,0,0,0,0,0,0
"C3710","5","11411","47","0","2013","A","",5,10,602510,173883,6621,1178,61272,"",0.92,0.72,0.56,0.56,0.25,0.80,0.80,"",0,0.0,1,11.1,-25394,-4.0,62769,56.5,2749,71.0,-164,-12.2,-8495,-12.2
"C3734","5","11411","47","0","2013","A","N",3,0,0,0,0,0,0,"N",0.90,0,0,0,0,0,0,"N",0,0.0,0,0,0,0,0,0,0,0,0,0,0,0
"C3746","5","11411","47","0","2013","A","N",5,0,0,0,0,0,0,"N",3.85,0,0,0,0,0,0,"N",2,66.7,0,0,0,0,0,0,0,0,0,0,0,0
"C3786","5","11411","47","0","2013","A","N",2,0,0,0,0,0,0,"N",0.78,0,0,0,0,0,0,"N",0,0.0,0,0,0,0,0,0,0,0,0,0,0,0
"C3798","5","11411","47","0","2013","A","N",2,0,0,0,0,0,0,"N",0.06,0,0,0,0,0,0,"N",-1,-33.3,0,0,0,0,0,0,0,0,0,0,0,0
"C3886","5","11411","47","0","2013","A","",55,57,1591021,924064,28295,538,27954,"",12.05,4.98,2.12,2.73,1.70,0.43,0.43,"N",-4,-6.8,0,0,0,0,0,0,0,0,0,0,0,0
"C3890","5","11411","47","0","2013","A","N",9,0,0,0,0,0,0,"N",0.51,0,0,0,0,0,0,"N",0,0.0,0,0,0,0,0,0,0,0,0,0,0,0
"C3894","5","11411","47","0","2013","A","N",5,0,0,0,0,0,0,"N",1.89,0,0,0,0,0,0,"N",0,0.0,0,0,0,0,0,0,0,0,0,0,0,0
"C3930","5","11411","47","0","2013","A","",228,1002,122898143,27539023,2927249,2359,122653,"",20.95,33.66,58.47,22.40,36.53,1.74,1.74,"",-9,-3.8,-229,-18.6,-23314642,-15.9,-5581367,-16.9,-526188,-15.2,76,3.3,3918,3.3
"C3934","5","11411","47","0","2013","A","N",2,0,0,0,0,0,0,"N",0.65,0,0,0,0,0,0,"N",1,100.0,0,0,0,0,0,0,0,0,0,0,0,0
"C3946","5","11411","47","0","2013","A","N",1,0,0,0,0,0,0,"N",1.02,0,0,0,0,0,0,"N",0,0.0,0,0,0,0,0,0,0,0,0,0,0,0
"C3990","5","11411","47","0","2013","A","N",1,0,0,0,0,0,0,"N",0.32,0,0,0,0,0,0,"N",1,100.0,0,0,0,0,0,0,0,0,0,0,0,0
"C4006","5","11411","47","0","2013","A","N",1,0,0,0,0,0,0,"N",0.13,0,0,0,0,0,0,"N",0,0.0,0,0,0,0,0,0,0,0,0,0,0,0
"C4090","5","11411","47","0","2013","A","N",2,0,0,0,0,0,0,"N",0.12,0,0,0,0,0,0,"N",1,100.0,0,0,0,0,0,0,0,0,0,0,0,0
"C4150","5","11411","47","0","2013","A","",12,37,6321419,643698,39909,3264,169703,"",4.25,4.70,12.63,3.63,2.47,2.67,2.67,"",-1,-7.7,-9,-19.6,1359987,27.4,-102861,-13.8,-6377,-13.8,1175,56.2,61059,56.2
"C4154","5","11411","47","0","2013","A","N",9,0,0,0,0,0,0,"N",3.59,0,0,0,0,0,0,"N",7,350.0,0,0,0,0,0,0,0,0,0,0,0,0
"C4162","5","11411","47","0","2013","A","N",1,0,0,0,0,0,0,"N",0.11,0,0,0,0,0,0,"N",-1,-50.0,0,0,0,0,0,0,0,0,0,0,0,0
"C4174","5","11411","47","0","2013","A","N",22,0,0,0,0,0,0,"N",1.00,0,0,0,0,0,0,"N",1,4.8,0,0,0,0,0,0,0,0,0,0,0,0
"C4186","5","11411","47","0","2013","A","N",10,0,0,0,0,0,0,"N",0.25,0,0,0,0,0,0,"N",-2,-16.7,0,0,0,0,0,0,0,0,0,0,0,0
"C4194","5","11411","47","0","2013","A","N",1,0,0,0,0,0,0,"N",0.07,0,0,0,0,0,0,"N",0,0.0,0,0,0,0,0,0,0,0,0,0,0,0
"C4202","5","11411","47","0","2013","A","N",4,0,0,0,0,0,0,"N",1.87,0,0,0,0,0,0,"N",0,0.0,0,0,0,0,0,0,0,0,0,0,0,0
"C4210","5","11411","47","0","2013","A","N",3,0,0,0,0,0,0,"N",1.49,0,0,0,0,0,0,"N",0,0.0,0,0,0,0,0,0,0,0,0,0,0,0
"C4220","5","11411","47","0","2013","A","N",1,0,0,0,0,0,0,"N",0.31,0,0,0,0,0,0,"N",1,100.0,0,0,0,0,0,0,0,0,0,0,0,0
"C4222","5","11411","47","0","2013","A","",8,6,541925,148518,8832,1867,97061,"",1.93,0.72,0.94,0.85,0.59,1.41,1.41,"",0,0.0,-3,-33.3,-105460,-16.3,8665,6.2,1061,13.7,417,28.8,21638,28.7
"C4234","5","11411","47","0","2013","A","N",4,0,0,0,0,0,0,"N",1.89,0,0,0,0,0,0,"N",0,0.0,0,0,0,0,0,0,0,0,0,0,0,0
"C4266","5","11411","47","0","2013","A","N",161,0,0,0,0,0,0,"N",5.47,0,0,0,0,0,0,"N",0,0.0,0,0,0,0,0,0,0,0,0,0,0,0
"C4268","5","11411","47","0","2013","A","N",2,0,0,0,0,0,0,"N",1.87,0,0,0,0,0,0,"N",2,100.0,0,0,0,0,0,0,0,0,0,0,0,0
"C4310","5","11411","47","0","2013","A","N",2,0,0,0,0,0,0,"N",3.19,0,0,0,0,0,0,"N",0,0.0,0,0,0,0,0,0,0,0,0,0,0,0
"C4406","5","11411","47","0","2013","A","N",3,0,0,0,0,0,0,"N",0.72,0,0,0,0,0,0,"N",2,200.0,0,0,0,0,0,0,0,0,0,0,0,0
"C4522","5","11411","47","0","2013","A","N",1,0,0,0,0,0,0,"N",0.45,0,0,0,0,0,0,"N",0,0.0,0,0,0,0,0,0,0,0,0,0,0,0
"C4530","5","11411","47","0","2013","A","N",23,0,0,0,0,0,0,"N",1.21,0,0,0,0,0,0,"N",-4,-14.8,0,0,0,0,0,0,0,0,0,0,0,0
"C4578","5","11411","47","0","2013","A","N",3,0,0,0,0,0,0,"N",0.95,0,0,0,0,0,0,"N",0,0.0,0,0,0,0,0,0,0,0,0,0,0,0
"C4606","5","11411","47","0","2013","A","N",1,0,0,0,0,0,0,"N",0.24,0,0,0,0,0,0,"N",0,0.0,0,0,0,0,0,0,0,0,0,0,0,0
"C4622","5","11411","47","0","2013","A","N",3,0,0,0,0,0,0,"N",2.74,0,0,0,0,0,0,"N",0,0.0,0,0,0,0,0,0,0,0,0,0,0,0
"C4652","5","11411","47","0","2013","A","",60,118,5842660,4505034,211001,952,49514,"",10.80,5.79,4.13,3.65,3.21,0.71,0.71,"N",60,100.0,0,0,0,0,0,0,0,0,0,0,0,0
"C4722","5","11411","47","0","2013","A","N",5,0,0,0,0,0,0,"N",7.22,0,0,0,0,0,0,"N",-1,-16.7,0,0,0,0,0,0,0,0,0,0,0,0
"C4726","5","11411","47","0","2013","A","N",27,0,0,0,0,0,0,"N",3.07,0,0,0,0,0,0,"N",2,8.0,0,0,0,0,0,0,0,0,0,0,0,0
"C4790","5","11411","47","0","2013","A","N",1,0,0,0,0,0,0,"N",0.02,0,0,0,0,0,0,"N",0,0.0,0,0,0,0,0,0,0,0,0,0,0,0
"C4966","5","11411","47","0","2013","A","N",1,0,0,0,0,0,0,"N",0.33,0,0,0,0,0,0,"N",1,100.0,0,0,0,0,0,0,0,0,0,0,0,0
"US000","5","11411","17","0","2013","A","",2084,6041,457632905,191200273,10434776,1457,75761,"",1.00,1.00,1.00,1.00,1.00,1.00,1.00,"",-17,-0.8,-383,-6.0,-58100517,-11.3,-6825499,-3.4,-546106,-5.0,-87,-5.6,-4519,-5.6
